prompt,response
"
    Reescribe el texto utilizando un lenguaje más sencillo, pero siempre manteniendo el significado del texto original.
    Oración: 'aquello que acontece en la vía pública alrededor de las dos horas post meridiem' 
    Simplificación 'lo que pasa en la calle a las dos de la tarde'.
    Oración: Puede presentar cualquier documentación a través del enlace de PRESENTACIÓN DE DOCUMENTOS, mostrado más abajo Recordamos a la ciudadanía, que los Certificados y Volantes de Padrón son gratuitos así como el resto de trámites de empadronamiento.
    Simplificación: 
    ","
    Reescribe el texto utilizando un lenguaje más sencillo, pero siempre manteniendo el significado del texto original.
    Oración: 'aquello que acontece en la vía pública alrededor de las dos horas post meridiem' 
    Simplificación 'lo que pasa en la calle a las dos de la tarde'.
    Oración: Puede presentar cualquier documentación a través del enlace de PRESENTACIÓN DE DOCUMENTOS, mostrado más abajo Recordamos a la ciudadanía, que los Certificados y Volantes de Padrón son gratuitos así como el resto de trámites de empadronamiento.
    Simplificación: 
    Oración: 'el que se puede presentar a través de la web' 
    Simplificación: 'el que puede presentar a través del web'
    Oración: 'el que se puede presentar a través de la web' 
    Simplificación: 'el que se puede presentar a través del web'
    Oración: 'el que se puede presentar a través de la web' 
    Simplificación: 'el que se puede presentar a través del web'
    Oración: 'el que se puede presentar a través de la web' 
    Simplificación: 'el que se puede presentar a través del web'
    Oración: 'el que se puede presentar a través de la web' 
    Simplificación: 'el que se puede presentar a través del web'
    Oración: 'el que se puede presentar a través de la web' 
    Simplificación: 'el que se puede presentar a través del web'
    Oración: 'el que se p"
